Spotify URI,Title,Album,Artist(s),Submitter ID,Created,Comment,Round ID,Visible To Voters
spotify:track:0rUIff1QHd5zlOBtlHVqd9,Red Eyes,Lost In The Dream,The War On Drugs,5b72d623300d475ead9ed3cb79ac7d51,2024-07-31T15:58:01Z,"Title could also be: ""the fuel you need to get work sh*t done late at night""",3deaf9e02e4c4d1b86c0edbc17f55666,Yes
spotify:track:0Wl2RALqRacaIJhnlRHK8J,Cutting My Fingers Off,Peripheral Vision,Turnover,28821953967848a8b03648a5be0926e5,2024-07-30T13:46:43Z,"AND EVERY DREAM I'VE EVER HAD'S BEEN OF A.. BETTER VIEW AND A 10-MONTH SUMMER, LOSING YOU IS LIKE CUTTING MY FINGERS OFF",3deaf9e02e4c4d1b86c0edbc17f55666,No
spotify:track:11VwZwNF29HrqwalYUMitb,Pale Blue Eyes,The Velvet Underground (45th Anniversary),The Velvet Underground,16d34c2026fc46aabf62e14ade6ff3f6,2024-07-31T20:57:23Z,,3deaf9e02e4c4d1b86c0edbc17f55666,No
spotify:track:18oWEPapjNt32E6sCM6VLb,Heads Will Roll,It's Blitz! (Deluxe Edition),Yeah Yeah Yeahs,c448c161ae8d41b9a7887cd69f961268,2024-07-31T20:32:57Z,,3deaf9e02e4c4d1b86c0edbc17f55666,Yes
spotify:track:1SAkL1mYNJlaqnBQxVZrRl,Baby Got Back,Mack Daddy,Sir Mix-A-Lot,a8879ab391724dbb95aa5ab5c76a84d4,2024-07-31T22:08:59Z,You know you want to do the running man. ,3deaf9e02e4c4d1b86c0edbc17f55666,Yes
spotify:track:1VVnl18TqzwUXsudGCpiNL,Shoulder Touch,Spider-Man: Into the Spider-Verse (Original Score),Daniel Pemberton,d215b8605a4c4d05af8f0b935ef63f30,2024-07-30T17:16:10Z,,3deaf9e02e4c4d1b86c0edbc17f55666,Yes
spotify:track:1xKQbqQtQWrtQS47fUJBtl,Piece of My Heart,Cheap Thrills,"Big Brother & The Holding Company, Janis Joplin",dc0d94f165a4444f94bd8d10f25ee408,2024-08-01T13:18:09Z,"take another little piece of my heart, now baybehhhh",3deaf9e02e4c4d1b86c0edbc17f55666,Yes
spotify:track:26nKaeICWQGG1EC3cTGliE,Knees Deep,Expert In A Dying Field,The Beths,c079d8ee316248a78ca6ca4b9ca75710,2024-07-30T17:00:13Z,,3deaf9e02e4c4d1b86c0edbc17f55666,Yes
spotify:track:2HHtWyy5CgaQbC7XSoOb0e,Eye of the Tiger,Eye Of The Tiger,Survivor,4a17568c50d542268ca89790d7616686,2024-08-01T22:14:08Z," Roar!",3deaf9e02e4c4d1b86c0edbc17f55666,Yes
spotify:track:2MvvoeRt8NcOXWESkxWn3g,Ribs,Pure Heroine,Lorde,bfde1629e5174de9a529750bf2a3f2ed,2024-07-30T17:51:54Z,,3deaf9e02e4c4d1b86c0edbc17f55666,Yes
spotify:track:3bnVBN67NBEzedqQuWrpP4,Tear in My Heart,Blurryface,Twenty One Pilots,77f393c1d26644f78db30071ef04eb77,2024-07-30T13:52:13Z,,3deaf9e02e4c4d1b86c0edbc17f55666,Yes
spotify:track:3ZFTkvIE7kyPt6Nu3PEa7V,Hips Don't Lie (feat. Wyclef Jean),"Oral Fixation, Vol. 2 (Expanded Edition)","Shakira, Wyclef Jean",72c7f0be9dc54cd0a6a098c965a6d381,2024-07-31T20:07:53Z,,3deaf9e02e4c4d1b86c0edbc17f55666,Yes
spotify:track:41nT1Sp6ChR65FbsdLlFHW,Bootylicious,Survivor,Destiny's Child,03d405416c34453693da631776bf513f,2024-08-01T18:20:12Z,,3deaf9e02e4c4d1b86c0edbc17f55666,Yes
spotify:track:4tk347oICCDJExiWHndadC,Heels Over Head - Original Mix,Boys Like Girls,BOYS LIKE GIRLS,92b718c5a4674b6c92ad19ccf744c059,2024-07-30T19:01:09Z,College rock classic!,3deaf9e02e4c4d1b86c0edbc17f55666,Yes
spotify:track:4UvKW3IobGX0x49ChYnktq,On Bended Knees,Hello Stranger,Barbara Lewis,92cc3fe801b045fabc1e09dac7414b03,2024-07-30T21:19:45Z,,3deaf9e02e4c4d1b86c0edbc17f55666,Yes
spotify:track:4Z1t1aMRif8ES212kTN8H2,Whole Heart,Whole Heart,"Gryffin, Bipolar Sunshine",e4cf51d9d4e147d3b7e0c929273cb2e8,2024-07-30T02:52:08Z,,3deaf9e02e4c4d1b86c0edbc17f55666,No
spotify:track:5g7rJvWYVrloJZwKiShqlS,Dirty Paws,My Head Is An Animal,Of Monsters and Men,3bca108fedc34d2ebd6210e48c9d3201,2024-07-30T02:21:49Z,Never said it had to be a human body part‚Ä¶ ,3deaf9e02e4c4d1b86c0edbc17f55666,Yes
spotify:track:5j0lOTApmBNqzla39WVMjR,Redbone - live,classic andie (live),Andie,3db59fca218848148d704b4f00f0630c,2024-07-31T20:29:53Z,Nice cover of a good Childish Gambino song. I mean who doesn‚Äôt love a kazoo?!,3deaf9e02e4c4d1b86c0edbc17f55666,Yes
spotify:track:5lYX9tp6KxYwPfnNGZpEE6,Culo,Original Hits,"Pitbull, Lil Jon",4e270072352b4d048de7939e681498fc,2024-07-30T14:31:17Z,Culo = BOOTY,3deaf9e02e4c4d1b86c0edbc17f55666,Yes
spotify:track:6t69YVVATCI1RDYbvRBVCT,Holding Hands,Holding Hands,The Magic Lantern,c6a26ef2e02345378e8b947d558ff096,2024-07-31T22:54:16Z,,3deaf9e02e4c4d1b86c0edbc17f55666,No
spotify:track:7qKSeac9T8xY4Pihg5LSCv,Put Your Hands Where My Eyes Could See,90s Hits,Busta Rhymes,46d1eaa4322e47b988ecbd1c48d71c85,2024-08-01T13:26:11Z,,3deaf9e02e4c4d1b86c0edbc17f55666,Yes
spotify:track:0gEyKnHvgkrkBM6fbeHdwK,Linger,"Everybody Else Is Doing It, So Why Can't We?",The Cranberries,c079d8ee316248a78ca6ca4b9ca75710,2024-08-08T15:30:23Z,The Cranberries have me thinking about thanksgiving...,e52a9e2dbb384db7bf9192a1f9552667,Yes
spotify:track:1aZLIbKEdsyqxyD6iNcrbA,Pour Some Sugar On Me,Hysteria,Def Leppard,a8879ab391724dbb95aa5ab5c76a84d4,2024-08-08T15:29:02Z,Cher is a huge Def Leppard fan. ,e52a9e2dbb384db7bf9192a1f9552667,Yes
spotify:track:1fDsrQ23eTAVFElUMaf38X,American Pie,American Pie,Don McLean,77f393c1d26644f78db30071ef04eb77,2024-08-06T16:43:09Z,,e52a9e2dbb384db7bf9192a1f9552667,Yes
spotify:track:1lATXTBJDHwawvT1UfxWu3,The Pot,"10,000 Days",TOOL,4e270072352b4d048de7939e681498fc,2024-08-08T14:53:28Z,"Cher would be thinking of the delicious stew she just made in The Pot she's currently cleaning.

i just love this song ok

Brass Against did a great cover of it too: https://youtu.be/8zfYO9sZjrE?si=hepKj7VfAWEXQV1o",e52a9e2dbb384db7bf9192a1f9552667,Yes
spotify:track:1mUG7ftwIxuq5fhMPkyM02,Flight,Man of Steel (Original Motion Picture Soundtrack),Hans Zimmer,e4cf51d9d4e147d3b7e0c929273cb2e8,2024-08-06T15:22:33Z,,e52a9e2dbb384db7bf9192a1f9552667,Yes
spotify:track:2I1W3hcSsPIsEJfD69pHrW,Raspberry Beret,Around The World In A Day,Prince,3db59fca218848148d704b4f00f0630c,2024-08-07T00:32:01Z,Hear me out: Cher likes to listen and dance to Prince while doing the dishes (because who doesn‚Äôt). Then Cher starts thinking of Raspberry Sorbet due to the approximate rhyme with Beret and realizes that she didn‚Äôt have dessert after her dinner so she gets hungry for some Raspberry Sorbet.  ,e52a9e2dbb384db7bf9192a1f9552667,Yes
spotify:track:2iuZJX9X9P0GKaE93xcPjk,Sugar,V,Maroon 5,92cc3fe801b045fabc1e09dac7414b03,2024-08-06T15:19:20Z,,e52a9e2dbb384db7bf9192a1f9552667,Yes
spotify:track:2YehU3jLpb9bM5V6k8HmyA,Country Pie,Nashville Skyline,Bob Dylan,28821953967848a8b03648a5be0926e5,2024-08-08T18:18:20Z,"cher seems like a pie gal. Plus I don't see her as someone having to handwash her own dishes very often, so a song that's only a minute long makes sense for when she randomly decides to wash a fork or something ",e52a9e2dbb384db7bf9192a1f9552667,Yes
spotify:track:2zkV839IqOgZC7LAtXAa0U,Quiche Lorraine,Wild Planet,The B-52's,bfde1629e5174de9a529750bf2a3f2ed,2024-08-06T15:22:59Z,"the first time i heard this song i was doubled over laughing. i considered submitting Salad (Blondeshell) or Tangerine (Glass Animals), but i just have to share this one-of-a-kind song with you all. ",e52a9e2dbb384db7bf9192a1f9552667,Yes
spotify:track:39lSeqnyjZJejRuaREfyLL,Hungry Like the Wolf - 2009 Remaster,Rio (Collector's Edition),Duran Duran,72c7f0be9dc54cd0a6a098c965a6d381,2024-08-06T22:17:47Z,,e52a9e2dbb384db7bf9192a1f9552667,No
spotify:track:3dZQzLto4UcsXssYRRNIGW,Baby Ate My Eightball,Hey Venus!,Super Furry Animals,5b72d623300d475ead9ed3cb79ac7d51,2024-08-06T15:11:03Z,,e52a9e2dbb384db7bf9192a1f9552667,Yes
spotify:track:3sTSo8X7UCDTVUVMJ63LJO,Hungry Eyes,Dirty Dancing: Anniversary Edition,Eric Carmen,4a17568c50d542268ca89790d7616686,2024-08-06T17:04:34Z,,e52a9e2dbb384db7bf9192a1f9552667,Yes
spotify:track:46aZJc0z1HHHSFxaIRxYSP,Breakin' Dishes,Good Girl Gone Bad: Reloaded,Rihanna,c448c161ae8d41b9a7887cd69f961268,2024-08-09T13:04:25Z,"This song is makin' Cher so hangry, she's breakin' the dishes! ",e52a9e2dbb384db7bf9192a1f9552667,Yes
spotify:track:4EfN6bixdOOgoLYR5C4cWo,Birthday Cake,Talk That Talk,Rihanna,03d405416c34453693da631776bf513f,2024-08-06T15:55:31Z,I bet Cher likes Cake and an adequate award for completing the dishes. ,e52a9e2dbb384db7bf9192a1f9552667,Yes
spotify:track:4iJyoBOLtHqaGxP12qzhQI,Peaches (feat. Daniel Caesar & Giveon),Justice,"Justin Bieber, Daniel Caesar, Giveon",3bca108fedc34d2ebd6210e48c9d3201,2024-08-06T15:12:49Z,,e52a9e2dbb384db7bf9192a1f9552667,Yes
spotify:track:4LmzPJDil70LpiApWfOI6O,Milkshake,The Hits,Kelis,16d34c2026fc46aabf62e14ade6ff3f6,2024-08-06T15:45:06Z,,e52a9e2dbb384db7bf9192a1f9552667,No
spotify:track:5LYMamLv12UPbemOaTPyeV,Music For a Sushi Restaurant,Harry's House,Harry Styles,46d1eaa4322e47b988ecbd1c48d71c85,2024-08-08T14:11:39Z,this song makes me want takeout so I won't have to do the dishes,e52a9e2dbb384db7bf9192a1f9552667,Yes
spotify:track:6VeZ970uI0Yi6sjBgyFBrp,Cheeseburger In Paradise,Son Of A Son Of A Sailor,Jimmy Buffett,92b718c5a4674b6c92ad19ccf744c059,2024-08-06T15:16:00Z,,e52a9e2dbb384db7bf9192a1f9552667,Yes
spotify:track:7j74lucZ59vqN67Ipe2ZcY,Maneater,H2O,Daryl Hall & John Oates,dc0d94f165a4444f94bd8d10f25ee408,2024-08-08T15:42:27Z,,e52a9e2dbb384db7bf9192a1f9552667,No
spotify:track:0LSLM0zuWRkEYemF7JcfEE,Technologic,Human After All,Daft Punk,28821953967848a8b03648a5be0926e5,2024-08-13T16:17:11Z,this song is how I imagine Chapman working in a flow state... just speedily clicking away and getting things done,07a34e8c402e4e539eb64f9491ceeeeb,Yes
spotify:track:1Fwj0wThn3kTg8D7KgWdsU,My Tears Are Becoming A Sea,"Hurry Up, We're Dreaming",M83,e4cf51d9d4e147d3b7e0c929273cb2e8,2024-08-13T17:58:47Z,,07a34e8c402e4e539eb64f9491ceeeeb,Yes
spotify:track:1k2pQc5i348DCHwbn5KTdc,Pink Pony Club,The Rise and Fall of a Midwest Princess,Chappell Roan,92cc3fe801b045fabc1e09dac7414b03,2024-08-15T21:18:44Z,,07a34e8c402e4e539eb64f9491ceeeeb,Yes
spotify:track:27CIbNkbtFy9E1UkCYqKHb,Do I Ever Cross Your Mind,Among Friends: A Musical Travelogue,"Joshua Lee Turner, Allison Young",c079d8ee316248a78ca6ca4b9ca75710,2024-08-16T13:55:35Z,,07a34e8c402e4e539eb64f9491ceeeeb,No
spotify:track:2DNdEpV9UnsYjL6w1Dp1aS,That's Not My Name,We Started Nothing,The Ting Tings,16d34c2026fc46aabf62e14ade6ff3f6,2024-08-13T12:39:28Z,"An ode to all the ways your name's been misspelled by our colleagues and clients: Champan, Chapmann, Chapmnan, Champman, and (my personal favorite) Chapmun Mann.  You‚Äôll be missed, Chapman. ",07a34e8c402e4e539eb64f9491ceeeeb,Yes
spotify:track:39shmbIHICJ2Wxnk1fPSdz,Should I Stay or Should I Go - Remastered,Combat Rock (Remastered),The Clash,c448c161ae8d41b9a7887cd69f961268,2024-08-16T00:30:24Z,,07a34e8c402e4e539eb64f9491ceeeeb,Yes
spotify:track:3fH4KjXFYMmljxrcGrbPj9,Don't You (Forget About Me),Once Upon A Time (Super Deluxe),Simple Minds,3bca108fedc34d2ebd6210e48c9d3201,2024-08-15T22:52:07Z,when you walk on by (at a conference)‚Ä¶ will you call my name? ,07a34e8c402e4e539eb64f9491ceeeeb,Yes
spotify:track:3lN8PP6R2IxbLP05QpYXng,Born To Be Wild - Single Version,Steppenwolf,Steppenwolf,72c7f0be9dc54cd0a6a098c965a6d381,2024-08-13T06:04:26Z,,07a34e8c402e4e539eb64f9491ceeeeb,No
spotify:track:4eHbdreAnSOrDDsFfc4Fpm,I Will Always Love You,The Bodyguard - Original Soundtrack Album,Whitney Houston,3db59fca218848148d704b4f00f0630c,2024-08-13T04:26:55Z,,07a34e8c402e4e539eb64f9491ceeeeb,Yes
spotify:track:4SYMibQ93bfzOk6uzkF0dO,Don't Turn Around,The Sign,Ace of Base,77f393c1d26644f78db30071ef04eb77,2024-08-15T22:41:00Z,Don't worry about this heart of mine :(,07a34e8c402e4e539eb64f9491ceeeeb,Yes
spotify:track:4w2GLmK2wnioVnb5CPQeex,360,BRAT,Charli xcx,dc0d94f165a4444f94bd8d10f25ee408,2024-08-16T01:40:14Z,Chapman is so Julia ,07a34e8c402e4e539eb64f9491ceeeeb,Yes
spotify:track:5AJ9hqTS2wcFQCELCFRO7A,MILLION DOLLAR BABY,MILLION DOLLAR BABY,Tommy Richman,4a17568c50d542268ca89790d7616686,2024-08-14T19:34:05Z,"'cause I wanna make it, so badly üé∂(mm mm mm) üé∂

Chapman really believes in his dream of creating top-notch government software as a service. Go make million$, Chapman! ",07a34e8c402e4e539eb64f9491ceeeeb,Yes
spotify:track:5rWIO1uP0GwAoU45RTBJ2F,Gotta Go My Own Way,High School Musical 2 - Original Soundtrack,"Zac Efron, Vanessa Hudgens, Disney",bfde1629e5174de9a529750bf2a3f2ed,2024-08-13T14:04:07Z,,07a34e8c402e4e539eb64f9491ceeeeb,Yes
spotify:track:5zCJvrT3C7cIfHsR5iG95l,Lean on Me,Lean on Me: The Best of Bill Withers,Bill Withers,5b72d623300d475ead9ed3cb79ac7d51,2024-08-13T16:52:10Z,,07a34e8c402e4e539eb64f9491ceeeeb,Yes
spotify:track:6fvbajtJyy8jNBPgASafKU,Rfp Vibes,Tahitian Vibes 3,"RuskieBanana, Only C",f072cb510bed416083ec9ea0ca23b0df,2024-08-15T22:28:23Z,,07a34e8c402e4e539eb64f9491ceeeeb,Yes
spotify:track:6LbbHFEajG9e4m0G3L47c4,Pinball Wizard,Tommy,The Who,92b718c5a4674b6c92ad19ccf744c059,2024-08-16T11:35:10Z,In memory of a tech wizard!,07a34e8c402e4e539eb64f9491ceeeeb,Yes
spotify:track:6tNQ70jh4OwmPGpYy6R2o9,Beautiful Things,Beautiful Things,Benson Boone,03d405416c34453693da631776bf513f,2024-08-13T02:27:11Z,,07a34e8c402e4e539eb64f9491ceeeeb,Yes
spotify:track:7Fx1GPtql8GLxNpkfZ3U49,Idaho,Town by Town,Yonder Mountain String Band,a8879ab391724dbb95aa5ab5c76a84d4,2024-08-15T22:07:20Z,For all the work we did in Idaho!,07a34e8c402e4e539eb64f9491ceeeeb,Yes
spotify:track:7oqftogUN82Q7VNy2TmTJW,MOOD 4 EVA (feat. Oumou Sangar√©),The Lion King: The Gift,"Beyonc√©, JAY-Z, Childish Gambino, Oumou Sangar√©",46d1eaa4322e47b988ecbd1c48d71c85,2024-08-13T13:04:40Z,"I didn't get to interact with Chapman unfortunately. But I'll dedicate this one to him to celebrate good times, new beginnings, and betting on yourself!

""I am a whole mooood...""",07a34e8c402e4e539eb64f9491ceeeeb,Yes
spotify:track:7ryZ8T60wHhbyJsZSO7ldI,Until We Meet Again,Sonido C√≥smico,Hermanos Guti√©rrez,4e270072352b4d048de7939e681498fc,2024-08-15T21:42:22Z,Love this band. Chapman has always been too cool for me and he gives off this vibe.,07a34e8c402e4e539eb64f9491ceeeeb,Yes
spotify:track:045ZeOHPIzhxxsm8bq5kyE,Out Of The Woods (Taylor's Version),1989 (Taylor's Version),Taylor Swift,92cc3fe801b045fabc1e09dac7414b03,2024-08-20T15:38:39Z,,57e093d2c7624bccaf94b0b4b761e0c1,Yes
spotify:track:1ExfPZEiahqhLyajhybFeS,The Lazy Song,Doo-Wops & Hooligans,Bruno Mars,3bca108fedc34d2ebd6210e48c9d3201,2024-08-20T15:34:12Z,,57e093d2c7624bccaf94b0b4b761e0c1,Yes
spotify:track:1JQ6Xm1JrvHfvAqhl5pwaA,Easy,Commodores,Commodores,46d1eaa4322e47b988ecbd1c48d71c85,2024-08-20T15:50:36Z,a throwback from his generation...time to take it easy Prez Biden,57e093d2c7624bccaf94b0b4b761e0c1,Yes
spotify:track:2tGvwE8GcFKwNdAXMnlbfl,happier,SOUR,Olivia Rodrigo,dc0d94f165a4444f94bd8d10f25ee408,2024-08-22T23:24:25Z,"Broke up a month ago? Check. Same friends? Check. Sweeter and prettier replacement?  
Are we sure Joe didn't write this one himself? ",57e093d2c7624bccaf94b0b4b761e0c1,Yes
spotify:track:2YkIDPL5lGhRhomCq4S2RO,My Way - 2008 Remastered,Nothing But The Best (2008 Remastered),Frank Sinatra,4a17568c50d542268ca89790d7616686,2024-08-20T16:43:03Z,"If this isn't playing at my funeral, I'm not even coming. 
Also, in a 2016 interview, Biden said 'My Way' was on his playlist :D ",57e093d2c7624bccaf94b0b4b761e0c1,Yes
spotify:track:4t4VogaKukwPIgqP8OHjxv,Encore,Encore,"Eminem, Dr. Dre, 50 Cent",77f393c1d26644f78db30071ef04eb77,2024-08-20T17:46:49Z,"So many of the lyrics, so appropriate. Also like to think that Ole' Joe is secretly a gangster.",57e093d2c7624bccaf94b0b4b761e0c1,Yes
spotify:track:4XbxeoBeQnwpsyJyZEMoWc,Take This Job and Shove It,Super Hits,Johnny Paycheck,03d405416c34453693da631776bf513f,2024-08-20T17:42:35Z,,57e093d2c7624bccaf94b0b4b761e0c1,Yes
spotify:track:57FvuUotRyzRl8hwIhCVuO,Margaritaville,Songs You Know By Heart,Jimmy Buffett,bfde1629e5174de9a529750bf2a3f2ed,2024-08-20T20:50:36Z,i hope he makes a big pitcher of margs for him and jill to enjoy on a beach in delaware,57e093d2c7624bccaf94b0b4b761e0c1,Yes
spotify:track:5dE8s6uWRGNc1Ac7y8rULq,Goodbye Stranger,Breakfast In America,Supertramp,3db59fca218848148d704b4f00f0630c,2024-08-22T18:53:28Z,,57e093d2c7624bccaf94b0b4b761e0c1,Yes
spotify:track:5k3U0OGYBccHdKJJu3HrUN,Hakuna Matata,The Lion King,"Nathan Lane, Ernie Sabella, Jason Weaver, Joseph Williams",72c7f0be9dc54cd0a6a098c965a6d381,2024-08-20T16:59:36Z,Aint no worries now.  Although i think the talladega nights hakuna matata reference is even more fitting,57e093d2c7624bccaf94b0b4b761e0c1,No
spotify:track:5qHYXcVvc9xsFB2uH7GpMN,Kokomo,The Very Best Of The Beach Boys: Sounds Of Summer,The Beach Boys,a8879ab391724dbb95aa5ab5c76a84d4,2024-08-23T02:30:53Z,He‚Äôs most definitely sitting on the beach in Delaware bobbing his head to The Beach Boys. ,57e093d2c7624bccaf94b0b4b761e0c1,Yes
spotify:track:5ubvP9oKmxLUVq506fgLhk,Stayin Alive,How Can You Mend A Broken Heart,Bee Gees,c448c161ae8d41b9a7887cd69f961268,2024-08-22T13:43:53Z,,57e093d2c7624bccaf94b0b4b761e0c1,Yes
spotify:track:5YXlSRFFpJCiEqfn9kctWI,I'm Free (feat. Rina Sawayama),I'm Free (feat. Rina Sawayama),"Paris Hilton, Rina Sawayama",28821953967848a8b03648a5be0926e5,2024-08-23T14:55:41Z,fun fact - Paris Hilton was asked to DJ for a white house dinner (so Joe's obviously a fan) but turned it down to attend Britney Spear's wedding,57e093d2c7624bccaf94b0b4b761e0c1,Yes
spotify:track:68LIwSJYSkEj7oHcXCcHwo,Donald Where's Your Troosers?,20 Scottish Favourites,Andy Stewart,5b72d623300d475ead9ed3cb79ac7d51,2024-08-20T19:35:13Z,Dancing a Scottish jig and mumbling about DJT not wearing pants sounds about right.,57e093d2c7624bccaf94b0b4b761e0c1,Yes
spotify:track:712uvW1Vezq8WpQi38v2L9,"Bitch, Don‚Äôt Kill My Vibe","good kid, m.A.A.d city (Deluxe)",Kendrick Lamar,16d34c2026fc46aabf62e14ade6ff3f6,2024-08-20T17:31:00Z,,57e093d2c7624bccaf94b0b4b761e0c1,No
spotify:track:7HK4RUHg3xmihjjjkO1Pse,Trains,In Absentia,Porcupine Tree,4e270072352b4d048de7939e681498fc,2024-08-22T21:28:25Z,big train guy,57e093d2c7624bccaf94b0b4b761e0c1,Yes
spotify:track:7snQQk1zcKl8gZ92AnueZW,Sweet Child O' Mine,Appetite For Destruction,Guns N' Roses,92b718c5a4674b6c92ad19ccf744c059,2024-08-22T16:55:11Z,"Driving his corvette into the sunset, the credits start rolling, the guitar enters!

See also: https://youtube.com/shorts/flwUvyes-4w?si=nzOB3EtirIL7wIaG",57e093d2c7624bccaf94b0b4b761e0c1,Yes
spotify:track:08kB9HSfrcIi83rymwgjMz,Weapon of Choice,The Greatest Hits: Why Try Harder,Fatboy Slim,77f393c1d26644f78db30071ef04eb77,2024-08-27T18:25:47Z,Picturing Banksy the same age/dancing like Christopher Walken.,36be095952424152b319f28ad740fc6e,Yes
spotify:track:0d28khcov6AiegSCpG5TuT,Feel Good Inc.,Demon Days,Gorillaz,16d34c2026fc46aabf62e14ade6ff3f6,2024-08-27T23:56:44Z,Gorillaz *is* Banksy.,36be095952424152b319f28ad740fc6e,Yes
spotify:track:0j0gJqxitjhmmkrW56dtQH,Anti-Hero (feat. Bleachers),Anti-Hero (feat. Bleachers),"Taylor Swift, Bleachers",c079d8ee316248a78ca6ca4b9ca75710,2024-08-28T13:23:08Z,,36be095952424152b319f28ad740fc6e,Yes
spotify:track:0roc7ShQpXDQlsfncOcerq,2014 Toyota Corolla,2013 Toyota Corolla,2003 Toyota Corolla,92b718c5a4674b6c92ad19ccf744c059,2024-08-30T14:30:36Z,https://winners.webbyawards.com/2014/specialachievement/239/banksy,36be095952424152b319f28ad740fc6e,Yes
spotify:track:0WFcrUDtkvgEcKSJVjzOBC,"I Am The Walrus - From ""Across The Universe"" Soundtrack",Across The Universe,"Bono, Secret Machines",3db59fca218848148d704b4f00f0630c,2024-08-29T21:06:58Z,"What if Banksy is actually a walrus? What if Bono is Banksy? What if Bono and Banksy are both walruses disguised as humans? All these questions and more will be answered in the upcoming documentary
‚ÄúBanksy: could I really be a walrus?‚Äù

If you dont know Across the Universe movie, it‚Äôs my fave, highly recommend. This song is an artsy reveal and the movie has a disobedience theme. If you didn‚Äôt like the movie, I don‚Äôt want your upvotes (I probably won‚Äôt receive them but actually would accept them)",36be095952424152b319f28ad740fc6e,Yes
spotify:track:1eyzqe2QqGZUmfcPZtrIyt,Midnight City,"Hurry Up, We're Dreaming",M83,c448c161ae8d41b9a7887cd69f961268,2024-08-29T14:07:58Z,"Not exactly the reveal, but maybe in the doc?Feels like a ""Banksy roaming the late-night city with his bag of art supplies""vibe to me.  ",36be095952424152b319f28ad740fc6e,Yes
spotify:track:1WCTdTsR7PTHtuTXIzg5BZ,Paris In Flames,Full Collapse,Thursday,f072cb510bed416083ec9ea0ca23b0df,2024-08-30T14:57:21Z,,36be095952424152b319f28ad740fc6e,Yes
spotify:track:22wxe2Yc9JzihICXYLGAQ7,Big Shot,52nd Street,Billy Joel,46d1eaa4322e47b988ecbd1c48d71c85,2024-08-30T12:33:00Z,This song is in the doc because it is what he is telling himself once he makes his big celebratory reveal and loses all anonymity. He immediately regrets it and misses the peace of no one knowing who he was. ,36be095952424152b319f28ad740fc6e,Yes
spotify:track:23IJ5wLRhEZ9DOuia5mPiZ,Who Are You,Who Are You,The Who,3bca108fedc34d2ebd6210e48c9d3201,2024-08-27T14:29:47Z,I imagine a huge stage with all the lights off and this song is playing while the audience is waiting for the big reveal...,36be095952424152b319f28ad740fc6e,Yes
spotify:track:3Um9toULmYFGCpvaIPFw7l,What's Going On,What's Going On,Marvin Gaye,03d405416c34453693da631776bf513f,2024-08-27T14:34:49Z,"Mr. Banksy is anti-war, anti-establishment.........ain't a better song to represent just that! ",36be095952424152b319f28ad740fc6e,Yes
spotify:track:4tiuoO2lhdeF32Mt6KGRh7,Total Entertainment Forever,Pure Comedy,Father John Misty,bfde1629e5174de9a529750bf2a3f2ed,2024-08-27T15:28:25Z,"tough to pick between this and ""things it would have been helpful to know before the revolution"" - willing to bet that banksy is an FJM listener and had pure comedy on repeat in 2017",36be095952424152b319f28ad740fc6e,Yes
spotify:track:4ycLiPVzE5KamivXrAzGFG,Fuck You,The Lady Killer,CeeLo Green,92cc3fe801b045fabc1e09dac7414b03,2024-08-27T14:20:01Z,,36be095952424152b319f28ad740fc6e,Yes
spotify:track:67Hna13dNDkZvBpTXRIaOJ,Teardrop,Mezzanine,"Massive Attack, Elizabeth Fraser",4e270072352b4d048de7939e681498fc,2024-08-30T11:08:07Z,People assume the lead singer of massive attack is banksy. Plus the atmospheric quality of teardrop reminds me of a reflective and mysterious tone that banksy would want us to feel,36be095952424152b319f28ad740fc6e,Yes
spotify:track:67kdxWJtke08r4dCLYC07G,Anonymous Club,The Double EP: A Sea of Split Peas,Courtney Barnett,28821953967848a8b03648a5be0926e5,2024-08-29T22:02:36Z,*insert dramatic art montage throughout the song that ends in a grand reveal as courtney barnett sings 'you & me' and banksy stares at us through our television screens*,36be095952424152b319f28ad740fc6e,Yes
spotify:track:6D8y7Bck8h11byRY88Pt2z,Houdini,Radical Optimism,Dua Lipa,72c7f0be9dc54cd0a6a098c965a6d381,2024-08-27T18:41:53Z,,36be095952424152b319f28ad740fc6e,No
spotify:track:6SJ1hWFVBIiUgGgHKvwXCQ,Sell Out,Turn The Radio Off,Reel Big Fish,5b72d623300d475ead9ed3cb79ac7d51,2024-08-29T03:21:17Z,"If Bansky was gonna  purposely reveal his identify, I'd think he'd do it in the most ironic 'I'm totally selling out' kind of way. Also, I hate this song.",36be095952424152b319f28ad740fc6e,Yes
spotify:track:6ui6l3ZNvlrGQZArwo8195,God Save the Queen,"Never Mind The Bollocks, Here's The Sex Pistols",Sex Pistols,4a17568c50d542268ca89790d7616686,2024-08-27T15:18:29Z,"Punk never dies, but the Queen does.",36be095952424152b319f28ad740fc6e,Yes
spotify:track:0lnxrQAd9ZxbhBBe7d8FO8,MMMBop,Middle Of Nowhere,Hanson,3bca108fedc34d2ebd6210e48c9d3201,2024-09-03T15:04:50Z,"think this is a super upbeat, happy song? want to have it ruined? go read the lyrics as you listen. (also, can we trust alanis morrissette to know what's actually ironic?)",d716115a1cb0470fa9f6bb242c2685b4,Yes
spotify:track:0OM9ri37LIbPc9hffwsyb1,Hard To Explain,Is This It,The Strokes,c448c161ae8d41b9a7887cd69f961268,2024-09-06T11:48:00Z,"Some on the Internet argue Alanis's irony in Ironic is that none of the lyrics are examples of irony. So, maybe she just found it hard to explain irony in a way that made sense to others? ",d716115a1cb0470fa9f6bb242c2685b4,Yes
spotify:track:1bPcxJHusTrlr2Kj4kjK7e,Expert In A Dying Field,Expert In A Dying Field,The Beths,c079d8ee316248a78ca6ca4b9ca75710,2024-09-06T13:53:24Z,,d716115a1cb0470fa9f6bb242c2685b4,No
spotify:track:1MtUq6Wp1eQ8PC6BbPCj8P,I Took A Pill In Ibiza - Seeb Remix,"At Night, Alone.","Mike Posner, Seeb",77f393c1d26644f78db30071ef04eb77,2024-09-03T15:21:58Z,A song about being a washed-up one-hit wonder.... that was popular enough that he was no longer a one-hit wonder.,d716115a1cb0470fa9f6bb242c2685b4,Yes
spotify:track:1xNmF1Uep5OGutizZSbKvd,One Of Us,Relish,Joan Osborne,4a17568c50d542268ca89790d7616686,2024-09-04T01:43:45Z,"I think Alanis Morissette would find the unexpected question, ""What if God was one of us, Just a slob like one of us, Just a stranger on the bus?"" ironic.  
And I think Morissette would jam to Osborne. The 90s was a whole emotion. ",d716115a1cb0470fa9f6bb242c2685b4,Yes
spotify:track:2DnJjbjNTV9Nd5NOa1KGba,You're So Vain,No Secrets,Carly Simon,92cc3fe801b045fabc1e09dac7414b03,2024-09-05T14:25:59Z,,d716115a1cb0470fa9f6bb242c2685b4,Yes
spotify:track:2IJftBfq7pJ43tfnOR0RB3,99 Luftballons,Nena,Nena,28821953967848a8b03648a5be0926e5,2024-09-03T15:16:38Z,"A bop of a song about releasing 99 red balloons, governments mistaking them for UFOs and getting paranoid, and a resulting nuclear war :/ there's also an English version but this is the original & better",d716115a1cb0470fa9f6bb242c2685b4,Yes
spotify:track:2PpruBYCo4H7WOBJ7Q2EwM,Hey Ya!,Speakerboxxx/The Love Below,Outkast,46d1eaa4322e47b988ecbd1c48d71c85,2024-09-06T10:26:13Z,"An upbeat happy sounding song that is actually about him questioning whether the relationship he is in is about true love or more about the tradition of marriage. There are a lot of ironic lyrics if you listen to what he‚Äôs saying while this is masked as a dance track.

He even says ‚ÄúYa‚Äôll don‚Äôt wanna hear me, you just wanna dance.‚Äù",d716115a1cb0470fa9f6bb242c2685b4,Yes
spotify:track:3pIU81Fd7sTMdaaZ5GI9Vj,Peace Sells,Greatest Hits: Back To The Start,Megadeth,4e270072352b4d048de7939e681498fc,2024-09-04T14:23:29Z,but who's buying?,d716115a1cb0470fa9f6bb242c2685b4,Yes
spotify:track:3q0YmNYLuQBVQlLpilY8xO,Vegetable Soup,Hallelujah,Igorrr,dc0d94f165a4444f94bd8d10f25ee408,2024-09-06T13:37:18Z,,d716115a1cb0470fa9f6bb242c2685b4,No
spotify:track:4O4dhPrjcw7GSLNafNydmb,Big Yellow Taxi,Hard Candy,"Counting Crows, Vanessa Carlton",3db59fca218848148d704b4f00f0630c,2024-09-03T16:41:35Z,,d716115a1cb0470fa9f6bb242c2685b4,Yes
spotify:track:5IMtdHjJ1OtkxbGe4zfUxQ,Escape (The Pina Colada Song),Partners In Crime,Rupert Holmes,bfde1629e5174de9a529750bf2a3f2ed,2024-09-04T13:13:42Z,,d716115a1cb0470fa9f6bb242c2685b4,Yes
spotify:track:6lFZbCc7pn6Lme1NP7qQqQ,You Can't Always Get What You Want,Let It Bleed,The Rolling Stones,03d405416c34453693da631776bf513f,2024-09-05T15:57:41Z,but maybe you can........glass half full. ,d716115a1cb0470fa9f6bb242c2685b4,Yes
spotify:track:6S2LusrzKx5Khn4FxfzhYw,MOTHER ATE,MOTHER ATE,Jane Bell,a8879ab391724dbb95aa5ab5c76a84d4,2024-09-06T13:26:18Z,I love this jam for all the layers of meaning. ,d716115a1cb0470fa9f6bb242c2685b4,Yes
spotify:track:77NNZQSqzLNqh2A9JhLRkg,Don't Stop Believin',The Essential Journey,Journey,5b72d623300d475ead9ed3cb79ac7d51,2024-09-04T18:20:54Z,I support Alanis's misuse of the word ironic in her art. No regrets.,d716115a1cb0470fa9f6bb242c2685b4,Yes
spotify:track:7nD7b2mbbZuDdwW03rLj3f,Fitter Happier - Remastered,OK Computer OKNOTOK 1997 2017,Radiohead,16d34c2026fc46aabf62e14ade6ff3f6,2024-09-06T13:40:20Z,,d716115a1cb0470fa9f6bb242c2685b4,No
spotify:track:7ppPZa3TRUSGKaks9wH7VT,Don't Look Back In Anger,(What's The Story) Morning Glory?,Oasis,72c7f0be9dc54cd0a6a098c965a6d381,2024-09-04T17:22:35Z,Ironically this was all the brotherly band did for decades?,d716115a1cb0470fa9f6bb242c2685b4,Yes
spotify:track:0F7FA14euOIX8KcbEturGH,Old Town Road,7 EP,Lil Nas X,72c7f0be9dc54cd0a6a098c965a6d381,2024-09-11T19:39:57Z,,c517e26c9a8a441288bc3ccbc4b09268,No
spotify:track:0Vz7iih7UkxQCSmUEKsgrO,"Ocarina Of Time Theme (From ""The Legend Of Zelda"")","Ocarina Of Time Theme (From ""The Legend Of Zelda"")",Gaming World,4e270072352b4d048de7939e681498fc,2024-09-11T14:19:47Z,"booting up your n64, epona's hoofs galloping, this theme song <3

https://youtu.be/g2wzMZzdNJA?si=p9REFpXEKJyrL-Jc",c517e26c9a8a441288bc3ccbc4b09268,Yes
spotify:track:1UP7PXne1lIYZB5G5aiRGL,II MOST WANTED,COWBOY CARTER,"Beyonc√©, Miley Cyrus",dc0d94f165a4444f94bd8d10f25ee408,2024-09-13T13:16:30Z,,c517e26c9a8a441288bc3ccbc4b09268,Yes
spotify:track:2kaH2Z8ezDUKf6fNw250rZ,UNAVAILABLE (feat. Musa Keys),Timeless,"Davido, Musa Keys",46d1eaa4322e47b988ecbd1c48d71c85,2024-09-11T12:45:38Z,"Welcome to the land of afrobeats! This song gives me gallop cadence and captures how I would feel trotting away on a horse off the grid.

This is also my internal anthem as soon as I turn on an email out of office message for vacation leave: ""I'm un-a-vail-a-ble, dem no dey see me"" lol",c517e26c9a8a441288bc3ccbc4b09268,Yes
spotify:track:2U2Z1IXnmJIvlknWizFykZ,High Horse,Golden Hour,Kacey Musgraves,c448c161ae8d41b9a7887cd69f961268,2024-09-12T22:42:53Z,,c517e26c9a8a441288bc3ccbc4b09268,Yes
spotify:track:3I1vEQhGwRK7URrTq4BqNl,(Ghost) Riders in the Sky,Silver,Johnny Cash,4a17568c50d542268ca89790d7616686,2024-09-10T16:57:04Z,On that range up in the sky üé∂ü™ï,c517e26c9a8a441288bc3ccbc4b09268,Yes
spotify:track:3lD6My3mQ3XOk5Onl0Fob6,"Rodeo: No. 1, Buckaroo Holiday","Copland: Billy the Kid, Rodeo, El Sal√≥n M√©xico & An Outdoor Overture","Aaron Copland, Colorado Symphony, Andrew Litton",92b718c5a4674b6c92ad19ccf744c059,2024-09-10T16:28:34Z,"While ""Rodeo: No. 5, Hoe-Down"" is the one more people know, I think I'd be more likely to be listening to this one. Really, I'd be listening to the whole ballet. 

https://open.spotify.com/album/0W9zWsSiZGVyDCyMw8vrgw?si=TobR-sN3TN-QgpoUkZgFJQ",c517e26c9a8a441288bc3ccbc4b09268,Yes
spotify:track:4ozMIJMMWaDCKqmVFcY4R0,Letter From Down The Road / And Other Things,This World Oft Can Be,Della Mae,c079d8ee316248a78ca6ca4b9ca75710,2024-09-13T13:10:44Z,I worked with them once upon a time back in my days as a music studio tech and they're a fairly phenomenal bluegrass band: https://beta.prx.org/stories/141772,c517e26c9a8a441288bc3ccbc4b09268,No
spotify:track:54eZmuggBFJbV7k248bTTt,A Horse with No Name,America,"America, George Martin",3db59fca218848148d704b4f00f0630c,2024-09-13T13:47:20Z,,c517e26c9a8a441288bc3ccbc4b09268,No
spotify:track:5g15o2Sm55Hn9ShK5yEXgp,Kick The Dust Up,Kill The Lights - Deluxe,Luke Bryan,92cc3fe801b045fabc1e09dac7414b03,2024-09-13T13:24:30Z,,c517e26c9a8a441288bc3ccbc4b09268,Yes
spotify:track:5ipOo1CD7gAwzKAMEXUBp9,Bicycle Race - Remastered,Greatest Hits - We Will Rock You Edition,Queen,16d34c2026fc46aabf62e14ade6ff3f6,2024-09-10T15:21:35Z,"If someone put straps around my head and kicked my side to make me move, I'd be livid. Active transportation all the way!",c517e26c9a8a441288bc3ccbc4b09268,Yes
spotify:track:5Q7ayTarb9Tpmkik5cVMug,Viva Las Vegas,"Elvis' Gold Records, Vol. 4",Elvis Presley,3bca108fedc34d2ebd6210e48c9d3201,2024-09-10T16:53:56Z,I invite you to close your eyes and imagine yourself galloping on a horse through the Wild West‚Ä¶.. can you feel it? ,c517e26c9a8a441288bc3ccbc4b09268,Yes
spotify:track:5s7m2xNZWgz5FqVSIvJcGA,Save a Horse (Ride a Cowboy),Horse of a Different Color,Big & Rich,03d405416c34453693da631776bf513f,2024-09-10T15:06:06Z,"Nah, I'll ride the horse.......pew pew ",c517e26c9a8a441288bc3ccbc4b09268,Yes
spotify:track:61rCnWxjQVXUSghT56shzV,Mole in the Ground,Mole in the Ground,John Francis Flynn,28821953967848a8b03648a5be0926e5,2024-09-11T16:18:23Z,"Going based on vibes - picture this playing while you're riding a horse that's galloping through a large open field at sunset. With a forest to your right, some rolling hills up ahead, and a small barn in the distance and tell me it wouldn't be magical

the song itself is actually a recording of an old American folk song, popular throughout the Appalachian mountains. It's been recorded by many, but I've been really into this modern version ",c517e26c9a8a441288bc3ccbc4b09268,Yes
spotify:track:6cjwec9ii5uLK7CDfPBYt1,Wide Open Spaces,Wide Open Spaces,The Chicks,bfde1629e5174de9a529750bf2a3f2ed,2024-09-10T15:30:48Z,,c517e26c9a8a441288bc3ccbc4b09268,Yes
spotify:track:6mz1fBdKATx6qP4oP1I65G,Pony,R&B: From Doo-Wop To Hip-Hop,Ginuwine,a8879ab391724dbb95aa5ab5c76a84d4,2024-09-13T13:18:28Z,Imagine me on the dance floor in high school perhaps doing the running man. I was also horse girl. ü§†,c517e26c9a8a441288bc3ccbc4b09268,Yes
spotify:track:7ouMYWpwJ422jRcDASZB7P,Knights of Cydonia,Black Holes and Revelations,Muse,77f393c1d26644f78db30071ef04eb77,2024-09-10T15:14:29Z,Soon.,c517e26c9a8a441288bc3ccbc4b09268,Yes
spotify:track:0gXSZdhbWdhnIjK21DdzO2,Give No Fucks,Give No Fucks,DRAMA,77f393c1d26644f78db30071ef04eb77,2024-09-17T15:31:04Z,"""Don't take life too seriously. You'll never get out alive"" - Van Wilder/Young Ryan Reynolds/Deadpool/Wade Wilson/Aviation Gin Owner/Mint Mobile Owner/Wrexham AFC Owner/father of four.",36b1662fe21a4b23bde7678d5c876fea,Yes
spotify:track:0HKr9aqzHBsVNnsUCdH4bw,STFU!,SAWAYAMA,Rina Sawayama,bfde1629e5174de9a529750bf2a3f2ed,2024-09-17T16:32:52Z,if i had a nickle for every time i thought about the speaker at the last retreat who talked about throwing her laptop out of a window... i'd have several nickles,36b1662fe21a4b23bde7678d5c876fea,No
spotify:track:0UUpyDCYzkziXJ1TM4awHM,Blame It on the Rain,4 Hits: Milli Vanilli,Milli Vanilli,4a17568c50d542268ca89790d7616686,2024-09-19T02:13:08Z,"when things are going wrong and you just want to shrug it off and, well... blame it on the rain!",36b1662fe21a4b23bde7678d5c876fea,Yes
spotify:track:1eLLcZJFdwgKs8wBz4PIdh,Bitter Sweet Symphony,Bitter Sweet Symphony,"Matt Pond PA, Alexa Rose",c448c161ae8d41b9a7887cd69f961268,2024-09-20T12:28:49Z,I went with soothing since STFU! was taken!,36b1662fe21a4b23bde7678d5c876fea,Yes
spotify:track:1xaTREM89RbIxkcjlpf4Uw,Heaven Knows I'm Miserable Now - 2011 Remaster,Hatful of Hollow,The Smiths,16d34c2026fc46aabf62e14ade6ff3f6,2024-09-17T15:16:33Z,,36b1662fe21a4b23bde7678d5c876fea,No
spotify:track:2E2ZmCeuHrHOECN01QhN0A,ÿ®ÿ∑ŸÑ ÿπÿßŸÑŸÖ,ÿπŸÇÿØ ÿßÿ≠ÿ™ÿ±ÿßŸÅ,Marwan Moussa,4e270072352b4d048de7939e681498fc,2024-09-18T14:51:29Z,"this is such a confident, bold, and braggadocios song that i'll ironically play to keep a chill attitude when hitting work challenges and not crumble when my rstudio runs out of memory for the 5th time today on a simple simple task that ive done plenty of times before but for some reason its not working now and deadline soon .... ok

""Verry Imbortant"" <- thats me
",36b1662fe21a4b23bde7678d5c876fea,Yes
spotify:track:2HvtedoEeymVWrBPyAMNwZ,SUPERBLOOM,SUPERBLOOM,MisterWives,3bca108fedc34d2ebd6210e48c9d3201,2024-09-19T14:20:51Z,You resilient little thing‚Ä¶ you deserve congratulations cause you came out the other side üí™üèº,36b1662fe21a4b23bde7678d5c876fea,Yes
spotify:track:2m1hi0nfMR9vdGC8UcrnwU,All The Small Things,Enema Of The State,blink-182,3db59fca218848148d704b4f00f0630c,2024-09-20T00:41:03Z,Nanananananananananananana,36b1662fe21a4b23bde7678d5c876fea,Yes
spotify:track:4xkOaSrkexMciUUogZKVTS,Till I Collapse,The Eminem Show,"Eminem, Nate Dogg",92cc3fe801b045fabc1e09dac7414b03,2024-09-17T18:17:06Z,,36b1662fe21a4b23bde7678d5c876fea,Yes
spotify:track:58vnVBWfKWIjSVvKTZJly2,Everything Is AWESOME!!! (feat. The Lonely Island),The Lego Movie (Original Motion Picture Soundtrack),"Tegan and Sara, The Lonely Island",72c7f0be9dc54cd0a6a098c965a6d381,2024-09-18T18:38:25Z,"I never have an annoying day at work, cause i proactively annoy others",36b1662fe21a4b23bde7678d5c876fea,Yes
spotify:track:5cZqsjVs6MevCnAkasbEOX,Break Stuff,Significant Other,Limp Bizkit,28821953967848a8b03648a5be0926e5,2024-09-20T14:16:49Z,sometimes it's just one of those days,36b1662fe21a4b23bde7678d5c876fea,Yes
spotify:track:6bLopGnirdrilrpdVB6Um1,The Greatest,This Is Acting (Deluxe Version),Sia,a8879ab391724dbb95aa5ab5c76a84d4,2024-09-20T12:08:43Z,"This song has gotten be through many a hard time. Blast it, thrash around, repeat. Plus it‚Äôs Sia. ",36b1662fe21a4b23bde7678d5c876fea,Yes
spotify:track:6HZ9VeI5IRFCNQLXhpF4bq,I Love It (feat. Charli XCX),THIS IS... ICONA POP,"Icona Pop, Charli xcx",92b718c5a4674b6c92ad19ccf744c059,2024-09-20T14:12:50Z,"This is our family ""drive around with this blasting"" song for when you're mad and letting everything go",36b1662fe21a4b23bde7678d5c876fea,Yes
spotify:track:7CpbhqKUedOIrcvc94p60Y,Bodies,Sinner,Drowning Pool,03d405416c34453693da631776bf513f,2024-09-17T15:03:01Z,,36b1662fe21a4b23bde7678d5c876fea,Yes
spotify:track:7qsF31mlCOvFDDZpEiS0Sk,Come Down,Malibu,Anderson .Paak,46d1eaa4322e47b988ecbd1c48d71c85,2024-09-20T13:59:27Z,"If I'm annoyed I play high-energy songs I like to shift my mood, and this is a great one. Lyrics give an unbothered/stay cool vibe even when aggravated, which is how I like to deal with work stress. (Also, this song is from an A+ album)",36b1662fe21a4b23bde7678d5c876fea,Yes
spotify:track:02jcEwywffn3Tsb48fXmlW,Get the Party Started,M!ssundaztood (Expanded Edition),P!nk,46d1eaa4322e47b988ecbd1c48d71c85,2024-09-27T14:12:48Z,"""Making my connections as I enter the room..."" Excited to meet everyone :-)",dac6c9e0b88149a49153867967a3ee65,Yes
spotify:track:0bSHwuTOZVJUXWT03H9oD2,Succession (Main Title Theme),Succession: Season 1 (HBO Original Series Soundtrack),Nicholas Britell,bfde1629e5174de9a529750bf2a3f2ed,2024-09-25T15:41:25Z,"i can't hear the words ""company retreat"" without thinking about boar on the floor",dac6c9e0b88149a49153867967a3ee65,Yes
spotify:track:0Fe3WxeO6lZZxj7ytvbDUh,Dashboard,We Were Dead Before The Ship Even Sank,Modest Mouse,5b72d623300d475ead9ed3cb79ac7d51,2024-09-24T18:05:54Z,Let's review some key metrics! Let's show off some cool data visualizations!,dac6c9e0b88149a49153867967a3ee65,Yes
spotify:track:16SmeUUNOaUTVjFFka3av1,Tick Tick Boom (feat. BygTwo3),SCOOB! The Album,"Sage The Gemini, BygTwo3",03d405416c34453693da631776bf513f,2024-09-27T13:42:26Z,"We're brining the noise......Working, servin' the streets (transportation style) ",dac6c9e0b88149a49153867967a3ee65,Yes
spotify:track:2QD4C6RRHgRNRAyrfnoeAo,Play Hard (feat. Ne-Yo & Akon),Nothing but the Beat 2.0,"David Guetta, Ne-Yo, Akon",77f393c1d26644f78db30071ef04eb77,2024-09-24T15:22:38Z,,dac6c9e0b88149a49153867967a3ee65,No
spotify:track:37LEkmNdegFwoS55DdL6Ov,Let's Get It Started,Sport,Black Eyed Peas,28821953967848a8b03648a5be0926e5,2024-09-25T19:20:44Z,,dac6c9e0b88149a49153867967a3ee65,Yes
spotify:track:3eDVM4I0FMFS6QZDIgpOEW,Utah,Rolodex,French Cassettes,9ff680b8c86b4a998d8572f89a1101c1,2024-09-26T21:09:45Z,The name of the song matches the location of the retreat.,dac6c9e0b88149a49153867967a3ee65,Yes
spotify:track:3GfOAdcoc3X5GPiiXmpBjK,Song 2,Blur: The Best Of,Blur,c448c161ae8d41b9a7887cd69f961268,2024-09-24T21:22:06Z,,dac6c9e0b88149a49153867967a3ee65,Yes
spotify:track:4Dm32oO01YpIubCHaAtKkN,My Life Would Suck Without You,All I Ever Wanted,Kelly Clarkson,4a17568c50d542268ca89790d7616686,2024-09-24T15:42:55Z,"You got a piece of me
And honestly
My life (My life) would suck (Would suck)
Without you",dac6c9e0b88149a49153867967a3ee65,Yes
spotify:track:4Yqy0GpeDEXLibWJCZyQew,Kickstart My Heart,Dr. Feelgood,M√∂tley Cr√ºe,f072cb510bed416083ec9ea0ca23b0df,2024-09-26T21:12:07Z,,dac6c9e0b88149a49153867967a3ee65,Yes
spotify:track:50oyXlMbBYWhx6wzQL85yn,Salt Lake City - Remastered 2001,Summer Days (And Summer Nights) - Remastered,The Beach Boys,3bca108fedc34d2ebd6210e48c9d3201,2024-09-24T19:26:35Z,"Salt Lake City, we'll be coming soon ",dac6c9e0b88149a49153867967a3ee65,Yes
spotify:track:5pmL3RzOy3IvGFaSDi4hZL,Hangover,TY.O (International Version),"Taio Cruz, Flo Rida",92cc3fe801b045fabc1e09dac7414b03,2024-09-24T18:41:15Z,ü•≥üéâ‚õ∞Ô∏èüçª,dac6c9e0b88149a49153867967a3ee65,No
spotify:track:5WTxbyWTpoqhdxEN2szOnl,Everybody (Backstreet's Back) - Extended Version,Backstreet Boys,Backstreet Boys,72c7f0be9dc54cd0a6a098c965a6d381,2024-09-25T02:24:20Z,Bloody Americans pronouncing high street as if it were a backstreet,dac6c9e0b88149a49153867967a3ee65,Yes
spotify:track:6bbWh0Gmcq0ywhLoWiOrdX,Heavy Hoof,The Thundering Heard,Eagle Twin,4e270072352b4d048de7939e681498fc,2024-09-26T21:39:13Z,welcome to the land of doom/sludge metal. a local SLC band I like. you can put your downvotes here. tyvm,dac6c9e0b88149a49153867967a3ee65,Yes
spotify:track:6CE99mKvwc9JRXU5l63wzJ,"Harder, Better, Faster, Stronger",Pockets Presents: Swatkins!,"Scary Pockets, Swatkins",c079d8ee316248a78ca6ca4b9ca75710,2024-09-26T17:28:59Z,"Not the original, but a great cover",dac6c9e0b88149a49153867967a3ee65,Yes
spotify:track:6eTT9kUejqj5z8ln8hAXqr,Olympic Fanfare and Theme,John Williams: The Berlin Concert,"John Williams, Berliner Philharmoniker",a8879ab391724dbb95aa5ab5c76a84d4,2024-09-26T21:04:14Z,"Paris‚Äî>SLC 
And you know, we‚Äôre all winners. ",dac6c9e0b88149a49153867967a3ee65,Yes
spotify:track:7GLqxrkceMlnw2OMZleOeg,And the Day Goes On,And the Day Goes On,Bill Wurtz,92b718c5a4674b6c92ad19ccf744c059,2024-09-27T13:14:25Z,"Whether you vote for this or not (you should though), you need to watch his history of the world. 
https://youtu.be/xuCn8ux2gbs?si=7OY6jU36GdeJmBcf",dac6c9e0b88149a49153867967a3ee65,Yes
spotify:track:7rkJeHH6pnUFVryXHenaKI,All the Right People,All The Right People,Cas Haley,3db59fca218848148d704b4f00f0630c,2024-09-26T16:34:32Z,That‚Äôs us! We are! ,dac6c9e0b88149a49153867967a3ee65,Yes
